"x1","x2","y"
0.48537985979664,-0.71895004858914,0
-0.489799723718808,-0.433266063968684,0
-1.03149392236096,-0.359276187370222,1
0.318118207123615,1.53583446331191,0
0.682471384627653,0.937009994060691,0
-0.6084630536942,0.228512115636313,1
-0.621012945982523,-1.47001371011114,0
0.345735903854522,-0.976319070101677,0
0.63821082409405,-0.503584943779737,1
-1.16866829380916,0.641408205295249,1
0.0522859111250648,2.698247749975,0
-0.82266511914933,-0.988285629459394,0
0.0482443768949286,-0.35322561572858,0
-2.22589393356968,1.24646234520047,1
1.0483846645234,0.398460989452936,1
-2.98796141411,-0.553036416483317,1
-0.152762062094542,-1.71109757025645,0
-0.568938521396514,-2.85466385178298,0
1.85964176930661,-0.406686889518303,1
1.16256937242819,1.35868008347226,0
1.16473710174167,1.20402301981676,0
0.492991609702406,0.116694719603816,1
0.606095809254046,-0.0405248043080572,1
0.589328035349311,0.647093760675911,0
-0.182868169522444,-1.16453706926772,0
0.873860576686746,-0.723443690805346,1
-1.19288252602229,0.736607399422783,1
-1.03111532360881,-1.09559881996049,0
0.905916283346452,-1.70036533845438,0
-0.817093050424743,-0.634951172506549,1
-0.0197860427308724,-1.24677700075899,0
1.72573815921614,-2.08680619990582,0
1.59536016896153,0.428766637827549,1
-0.41665596634334,0.440721134972966,1
-1.35256800525762,0.230857736241974,1
-4.19588828179805,0.542155856209286,1
-1.74048827816631,0.300349092272283,1
1.00867891095933,0.417033817238725,1
-0.919704761167489,-0.282391324557495,1
1.37959993174853,-1.82134930824368,0
-1.69345439112858,-3.53682508832881,0
-1.27626421883645,1.44187333505368,1
-1.55449999866247,-0.696146409810015,1
1.5587383774081,-1.41805988717872,1
-0.245251369379823,0.234901476224885,1
1.00140321509273,-1.00479615533079,1
0.278368410548512,-0.00472399899916361,1
-0.383161098831967,0.041689820516383,1
2.00851170379419,-0.072065345978366,1
0.321262717768321,-0.999635660592645,0
0.076048093118523,1.59913166309043,0
0.438226252238355,1.9711470173685,0
0.373742331706816,-0.777160812058183,0
0.332325016849834,1.56758404788398,0
0.0590930623059401,1.0046816721434,0
-1.09841599519127,-1.07775291127856,0
0.419843973467866,-0.191150439727358,1
-1.68419850328827,0.840188060925,1
0.145317200262982,0.379334248126265,0
-1.08983646914709,0.0338112579060948,1
1.37199711853011,-1.17221003784934,1
1.09018295411849,-1.81208042906837,0
-0.449362150105767,0.0619119124498895,1
-0.651435980410622,0.0256706941031199,1
-1.18365035849189,-2.2450758533227,0
-1.33483582249877,-1.34305735486141,0
-1.40683009985655,-0.763981426049027,1
1.42473738957393,0.396031629456082,1
0.153086299795757,-1.141002194257,0
-2.93370209988433,-0.0655161436655132,1
-0.590053077825559,-0.21591268155033,1
-0.493660703969589,-0.21385973684671,1
-1.10910278481058,0.604338250342244,1
0.190643092112849,0.371226137749124,0
-1.55761216547304,-0.741886276838054,1
-1.55167390136791,-1.21341468836508,1
-0.705127471817121,-0.365858120055448,1
1.41439973686844,0.768664410166526,1
-2.92557437361519,-2.55536527815664,0
-0.346623383201529,0.73928087100189,0
0.630480976542358,-0.238236691177465,1
0.303575073277072,-1.34855840398666,0
-0.564433399579127,0.14926084396846,1
1.39421214893931,-0.804611634127882,1
0.583048058723253,-2.46944044218036,0
0.399922980272694,1.02508943325891,0
-1.21697870355165,0.658308838773385,1
-0.63938772535683,-0.584077985037494,0
-0.617248301399712,-0.831548972131951,0
0.856234882739496,0.912662706571299,0
1.30292300876078,4.2363452325568,0
-0.225480360789792,1.65705335282361,0
1.48540506922955,-1.28261661819586,1
-0.384946778160211,-0.0076662519547157,1
0.323887954730872,1.06238400910743,0
0.799210407117462,-0.641926099442871,1
-1.96152494872157,1.02365238920196,1
1.03181603559515,-2.31300785455947,0
-0.721354408893959,3.03214811000674,0
-0.496125429452653,0.107993715353163,1
0.911584862809476,-0.177841606968221,1
-0.889952708597979,-1.18881116172958,0
0.858118464820557,0.35441901358377,1
1.07613787408979,0.27403625844764,1
0.805473190464419,0.899131753140785,0
-0.0798115935033756,0.302311845142801,0
1.81661866378679,1.36330179908506,1
0.1129816646545,-1.37611717657887,0
-0.753140515392943,0.19968784711679,1
-1.24416211821534,1.04575993213142,1
1.16193781926257,-0.11709343333497,1
-0.564003540294345,-0.336035551764447,1
0.233734744365806,-2.36367722742082,0
-1.91062282803422,0.415347565088743,1
-1.29905998297439,-0.715530403202045,1
-1.01536158734665,0.927754229726012,1
-1.09423449264767,1.21701583190414,1
-2.22148958486478,-0.335372191350674,1
-0.823148826838631,0.675548745510599,1
-0.329601571123211,0.92043684656442,0
-0.906075915499413,-0.328926365819206,1
-0.482205072294318,0.344685733667751,1
-0.935857853707411,0.0990432984377877,1
-2.45293680013266,0.841078124159903,1
-0.419602082120274,0.129418456826721,1
-2.28061790902642,0.987570175049309,1
-0.0495994503211671,0.653255551287605,0
-0.700244064968292,1.14791671792713,0
-0.276279953245004,1.83341900630499,0
-0.312424627424047,2.04789987216015,0
-0.321750422435987,-0.572018222029235,0
-2.3088263690191,0.709580030118694,1
1.70195973496767,0.959740052877604,1
1.46935274038094,0.166386652844305,1
-0.314537177000369,0.560491838442722,0
2.06651921952078,-0.75234343176428,1
0.713079294308765,1.96626288774319,0
1.52724631791841,0.0562840311378607,1
-0.807760288005175,1.20815661852784,0
0.487978874878479,0.894166700073794,0
0.729969587008031,0.458176518977994,1
1.13731578851608,-0.472380872544936,1
-0.223296324282569,-0.825436085912477,0
-0.420255167355067,0.999399322137772,0
0.0970795992014273,-0.312583225752136,0
0.162144858976482,2.72453055198251,0
0.832410757047114,1.40793884085401,0
0.384919353803246,-1.61057294813518,0
1.2258784417866,0.22911669106931,1
-1.63012668394898,-1.04479157155826,1
0.0500759722108656,-0.991526203621062,0
0.236493624316373,0.728241838924553,0
0.270413968888796,-0.66626093478484,0
0.601341034097641,0.979306568759341,0
0.648722204338895,2.12397130855482,0
-0.798206660935661,0.164043057099332,1
-0.124542627667255,-0.181498467832841,0
0.848464082399716,-1.38476751896155,0
0.98566662051073,-0.0195906647014962,1
1.31367748078422,0.162787417996544,1
-1.36990243650832,-0.470006824961967,1
-1.28774855173103,-0.749471178974821,1
-0.811020149171239,0.899630204877156,1
1.07238503298525,-1.59662745193109,0
1.09098181134108,-0.381435080007821,1
0.654572820602926,0.0984460273522776,1
0.878733897188427,0.655154686918544,1
-0.551268067640264,-0.243629294242267,1
0.894506975269071,-1.15667953035314,0
-0.0277480646440187,0.00357908824063821,1
-1.37510519681314,-1.54116847143344,0
-1.61095802503625,-0.500016753507843,1
0.243113968958665,1.11957592100492,0
-0.717554822426489,0.263628874497904,1
1.84344507340459,-0.533752142705655,1
-0.359851763620628,-0.602124153317158,0
-0.227716835068243,-0.794519526961019,0
0.566152403105636,0.071605010573989,1
2.57946062387387,1.47773038244351,1
0.670760744092452,2.41513949333849,0
-1.44341072870057,0.747670996751477,1
-0.430510683147432,-1.88447006199974,0
0.374704643213083,-1.34900327094705,0
-0.355051556283196,-0.312716394197065,0
1.0129064115275,-0.441440459394058,1
-1.64117179242599,0.114794640668488,1
-0.766164713591813,-0.662961817298117,0
-0.741479484948732,-0.049504444256806,1
-0.370097963694656,-2.01932358021131,0
-1.81525238557084,-0.60009023032481,1
-0.187146410893301,0.584900561427262,0
2.87763659637876,-2.52608243489299,1
2.58907639403383,0.199140572116884,1
-1.06083809858695,2.07310454269876,0
0.756107325163468,1.31673784185867,0
-0.936666277115512,0.0770462209731518,1
-0.628560309654473,0.851862910901495,0
0.319398309526549,-0.189364968719613,1
-0.132789964135071,-0.76203203225314,0
0.181631807874039,-0.387848013708686,0
0.828324817977163,-0.579141566636974,1
-2.18529799584084,0.578719918895215,1
-0.305206656170738,-0.0723047020718245,1
-1.00640803827372,-2.53516157555555,0
1.14525208152725,-0.604458735489607,1
0.280585960967812,-3.05242028774926,0
-0.549102679379863,0.0630119149033344,1
-0.860930138512577,-0.655786482292277,1
0.629805063196228,1.41581088178012,0
-0.135585141174067,1.56869832672204,0
-0.16097470843884,1.13171452656078,0
-0.648473885977001,-0.149648320292908,1
1.95200749070392,1.35693954562256,1
0.176085003076248,0.0693188316661509,1
0.65706251481682,0.663069482876197,0
-1.34314830387388,-0.459060526775017,1
-1.10304307256944,1.14277634704353,1
0.0159463757547979,0.305927109451427,0
-0.725428665265704,0.448446508980955,1
1.74632414255573,-0.287765500536709,1
0.808746165219504,-1.66179452944521,0
0.19134807029626,-0.538069750330346,0
1.56443330600211,-0.087468798350401,1
0.257137186598096,-0.137234276364502,1
-0.407382568188886,1.48985248893028,0
0.228092762825752,-0.0965182367944122,1
-0.609371284019639,0.696772291518419,1
-1.29764412864889,-0.200360764961242,1
-1.45796423219622,-0.580042497508459,1
1.98589152900869,2.98392482352729,0
0.267164147778967,-0.855862397925593,0
0.978139118931477,0.777898068695082,1
0.567090438087831,0.65446663375333,0
0.619151898193828,0.432886892663455,1
-0.51820058480033,-0.731738241471524,0
0.422309310064561,-0.319885406740099,1
-6.05713998890872,4.50526238325697,1
0.147028677449878,-0.332930145096147,0
-0.760807413172003,-0.727373301772556,0
1.01727867809316,0.870155081082534,0
4.78161251210504,0.0879839939033743,1
0.636797643579394,1.60776277974519,0
-1.48847673934742,-2.73627697641774,0
0.956393671250303,1.28524801564736,0
0.929897549235502,0.553819473232718,1
0.361474001479225,1.35655541192282,0
-0.819158849316881,0.668118430021501,1
1.6087121459934,0.758764272408744,1
-0.616189488934699,0.896429144300275,0
-0.140869592308015,0.28954857315967,0
-0.0484902065415445,-0.663440837639493,0
-0.021845800211735,0.549868075052731,0
0.975908201050306,-0.117101522320919,1
0.363178603944035,-0.442962098645291,0
-0.156935188438668,0.887172186837232,0
-0.147144106670303,0.417142543137813,0
-0.496907998702657,-0.666897200911223,0
-1.6022261579173,-0.0941890970865047,1
-0.545412128009249,1.44965933702181,0
0.452664438467237,-0.469219824559472,1
-4.8790018147239,-3.31768951717291,1
-0.394255703293614,0.347835626175452,1
-0.757445812551447,-1.17948682577771,0
-1.5524982174408,1.03140274758096,1
0.562973838195524,-0.450067666477193,1
1.87917405229799,-0.899048903813478,1
-0.719625237444779,1.64609279622704,0
3.28011127697553,-0.404978886476644,1
-0.862916983390477,-0.324536791897925,1
-0.476480982549543,-1.59123296035658,0
-0.995371601145407,0.820240588106296,1
-2.00169699355169,1.62691378666207,1
-0.990938232192873,-0.6392327482177,1
-1.10041220517175,-0.107505379951116,1
-1.84754797454587,1.95334764539525,1
-0.408991601257257,-0.0487145821322683,1
2.54361780578266,-0.812033933624601,1
1.93455554433898,0.707561397785838,1
-1.66171773521088,-0.330704614573975,1
-1.45044267746823,-2.34570513540072,0
1.36026354468847,-0.122765839883222,1
-1.72869076616612,2.11374032691867,0
-1.00139821991962,1.54741154782632,0
-2.0904771112874,-0.329771606052605,1
-1.21428843798161,0.693790368575205,1
0.414714918570932,1.16294563109074,0
-0.723797673633766,-0.796340393918192,0
-1.03099413139929,0.933602735948644,1
1.64458752641375,-1.21463379153054,1
-0.149833558307291,0.235201845382903,0
1.93168763488923,-1.50796658552013,1
0.132576754269922,0.591931333483119,0
0.32158178398087,0.47961583541139,0
0.334096635939389,0.353725981233291,0
0.447955179240863,-0.648824350270098,0
-0.979015655560223,1.74743003183902,0
-0.0140608363207119,-0.0219240204749685,0
1.34055826433221,-0.0501060685834776,1
0.15333276089687,0.921681309689394,0
0.472618586715809,-0.635093888076333,0
-3.64046598929896,0.924206352394276,1
0.415743588123999,0.560090485212487,0
-0.00989632797466612,-1.31548531504138,0
0.428753961959305,1.13766651568266,0
-0.0966160642074369,-1.07664469199183,0
0.34214569936542,0.409605905009728,0
0.833289329527195,0.224122648430276,1
-3.50124725066755,-1.68952047420903,1
2.09198369596222,-0.893519951688564,1
-0.387809606924204,2.86289460340618,0
1.30460146475262,0.857772948712991,1
0.916432205609339,-0.546650150493158,1
4.84144948739314,0.0689005440384501,1
-1.28648888539237,-0.332429433151105,1
-0.311135859299584,1.35316249420138,0
-0.0680803113044136,0.628575699049736,0
-1.12883067399384,0.376314840442645,1
-0.772913580606397,0.344861885786113,1
1.43995366225231,1.12968200535587,1
-0.28601788832104,2.00426623598485,0
0.961825786703944,-1.55959438901695,0
0.266495898922777,-0.0835960794449394,1
-2.67344693372749,-1.2085660491889,1
-1.05311293568845,0.322665004824284,1
1.49095075851805,0.520408125685112,1
0.692261695918449,-0.656427892029743,1
-0.42704235026289,-1.34818188160312,0
-0.59049697526709,-0.984762905542719,0
3.81809491650538,0.660582595826051,1
0.719238384653859,-0.699076400037586,1
-0.298029429474518,-0.135477387183172,1
-0.129416439700822,-1.2734928037678,0
-1.30543575677109,-0.513897801797785,1
-2.81737548131888,0.0206832048472983,1
0.526261131920105,0.467211394286133,0
-0.537737132535317,-0.726529797513395,0
1.52808399960028,-0.198591969531987,1
-0.670510841813845,0.21617902942468,1
0.63104819124063,0.394693044590847,1
0.897898949687435,0.906364483712094,0
-0.91028896276632,0.919928591460042,1
0.477190359870363,-0.473060827062908,1
-1.24605547051449,-0.624907882080374,1
1.54593358783532,2.572585417311,0
-0.583072109399533,-0.808448354994707,0
-0.401433366627938,0.153937479117448,1
1.07747881179261,-0.761801630080904,1
1.20133229909216,0.876946040088723,1
-0.900285727695164,0.0903424198487113,1
-0.716915529207369,0.0458360142778788,1
-1.14305979562855,-0.889822253870814,1
-0.430988432972195,-1.04130279754946,0
0.622336128093693,0.0377718278870169,1
0.607743505411601,-0.158225384436335,1
-0.903182122195722,-0.713094826879306,1
0.229785249590353,-0.464500103907144,0
-0.858331461819969,0.000224729841573743,1
1.63217763117406,-3.5699140992153,0
-1.09298243871493,1.08992785787725,1
-0.915577040223552,2.20205521274407,0
-0.870339856300006,0.574435379789056,1
0.390661390270745,-1.41966012830313,0
0.0225554826256427,-0.0636794752761421,0
-0.728543567272828,0.245031951228269,1
-0.943396613835914,-4.04834531647406,0
0.812374446485562,1.25748940683318,0
0.648604357943566,-0.302410394829911,1
-0.762616213371332,-1.05794350475697,0
0.0326337939879005,0.285989563194775,0
-0.150140188249116,-1.88097698302028,0
0.0411866564510742,0.799781049332507,0
1.77040023806144,-1.57365366286881,1
1.17997302575473,-0.729339360235366,1
-0.370672510313663,-0.453900537489131,0
-0.31162754173087,-0.49741533944563,0
-0.0853075139122245,-0.0858789502049684,0
-1.69125961593753,1.56580995524922,1
1.22085475641231,1.29229893255646,0
0.72294312654091,1.0414982473347,0
-0.522071768971745,0.356321526637617,1
4.80760604497361,-0.0958033736354757,1
0.165393326798816,2.0766336661166,0
-0.504411952824387,-3.92940193753913,0
-1.21392293170655,-0.447773583986034,1
1.40915603579712,-0.295902200199265,1
0.460190911302021,2.36880099827022,0
0.788718701429863,0.0559182965864106,1
1.18904038059298,-0.163307723733215,1
-0.047395581524991,-0.829250492244448,0
-1.3181527192939,-1.78733416708615,0
3.97613539383795,-0.242246098683448,1
0.893638585471491,0.863040917283655,0
0.373184072270725,0.284459127694762,1
0.584067663036289,-0.918219661265615,0
1.18811134171732,1.34815827684498,0
0.816532416129676,0.190210074464282,1
-0.344111096102823,1.38609354711235,0
1.7823680238672,0.282944640359202,1
-1.06701308087167,1.9801886126539,0
2.41287377752336,0.888041720515505,1
2.1250287042993,-0.347951491167186,1
0.949560301672347,0.074829085963455,1
0.638226394089409,1.38356924998889,0
0.253843866477724,-0.64492847556395,0
-0.272802584382648,-0.0579057120144783,1
-0.596367532960269,-0.237207465906493,1
-0.462095227608371,-1.11144041321774,0
1.70248485936117,2.77798555893513,0
-0.607347315199026,-0.113295479273357,1
3.79181498790119,-1.49189717298357,1
-2.04962022196387,1.04791076155042,1
0.398751296495378,-0.30078491836485,1
-0.0561789312852898,0.992794930952634,0
-1.0752887436097,0.779055798952236,1
-0.428951960953668,-0.311949301091464,1
0.165531723944358,-1.07241282547338,0
2.45746100091184,-1.71142228347678,1
-0.0691338036142635,0.237469361649635,0
-0.0184113501367447,1.04054488828382,0
-0.000728998032435176,0.109024598246834,0
-0.633235920274646,2.21802793336822,0
-2.36457525540372,2.01492253867418,1
-0.641419397955709,-0.0482706186062534,1
-3.06223837313028,2.788874380222,1
0.105683604459911,0.280459746402835,0
0.465068402064435,-0.0155768772958858,1
0.248063525052081,0.970453500303299,0
0.507689339474846,-0.611098588345262,0
0.75648622470325,-0.613131425461545,1
0.483987163633183,0.0244344851195452,1
0.423625116094376,0.594195691681429,0
-0.766326397419337,0.888748131891844,1
0.109714624560642,0.581458099839826,0
0.302264559770389,0.688807361022224,0
0.535793980102402,0.966595780982374,0
-1.07847114701809,-1.32283280938047,0
0.0771162336282949,1.16199754099171,0
-0.258604645069292,0.204455726878442,1
1.12473651788351,-0.410932702010268,1
0.144673646588692,0.76841532978807,0
0.433557466585007,0.224021551740499,1
0.805302837963405,-1.18968848773293,0
-4.79494037991567,1.09174770426225,1
-0.734066039518297,0.175176298545675,1
0.733034575733101,0.673075954124274,0
0.793932557239635,-0.391410308860657,1
-0.367993729694227,0.06625188349204,1
-0.464864295012116,1.62851005607066,0
-0.120683650290223,-0.153454796574588,0
1.40528315020441,0.330534877829057,1
1.53417826134432,0.192268430472658,1
0.389515766707786,-0.586167754269676,0
1.96509957165837,1.03012128690127,1
0.942927870192881,0.546557883327917,1
0.784682180245841,1.45291412984201,0
-0.264382371427249,-2.89774885982269,0
-0.377402434787351,-0.624958158123996,0
0.250511854054157,-1.07018122711287,0
1.04420319837218,0.821258653228702,1
-0.0044513481747623,-0.641334874351086,0
3.37373270170227,0.628370637327725,1
0.389872207957966,0.410973626711167,0
1.37821780984715,0.60559643615521,1
0.730271382958406,-0.827830378877659,1
0.716560452940718,0.132286228299147,1
0.294871604004369,1.24076137992131,0
0.985248110356004,-0.0891729070734339,1
0.142698134743699,0.361370447804753,0
-0.916787954330498,0.650209390396052,1
0.50766540369758,0.281170108854595,1
-2.00814862237262,-0.469187239111593,1
1.24342542192034,0.873578062106558,1
-0.236352090626432,1.14567118712964,0
-0.794931812543487,3.15528069399669,0
-0.567863159619653,-3.34983189869591,0
0.498664649679034,-0.644154687426637,0
0.0280509057952072,-1.31506586629592,0
0.0817415834134135,0.7089267661511,0
-0.818750064150482,-0.478801385891442,1
-0.389926671834942,-0.636479619575728,0
-2.012256507191,-3.23773194016664,0
-2.93670303778337,0.455945476401143,1
-1.76661959490068,0.284058795848863,1
0.220910168285729,-0.517542916265596,0
0.00443987321491579,0.11279980693832,0
1.4285260147792,-0.182754665654816,1
-0.985267239963728,0.53986246772358,1
-0.299426305370008,0.877946417151478,0
1.10305042143651,1.03043931009987,0
0.115097127489626,0.684653403083971,0
0.261169378791637,-0.0169164383075103,1
0.520145061894113,0.193911320643657,1
-2.53586251812378,0.290035899728886,1
1.07379598303949,-0.111527633669107,1
-0.477344099708154,-1.29817061370555,0
1.48749280368591,-0.437911897649068,1
-0.374218943552017,-0.500613225774958,0
0.840563202787536,0.499373683793062,1
0.847965985433339,-1.168840242881,0
-0.127695811407284,-0.148986632354226,0
-0.415996439200696,1.58864581569277,0
-0.0100924793062083,1.52475027648761,0
-0.607633367370521,0.974571085544173,0
1.03861001651791,2.17235352652363,0
0.822609927845453,0.514707630243617,1
1.31722276530577,-0.0510492949337048,1
0.369573287285711,0.621020541664331,0
-0.287786048696032,0.522324114337016,0
-0.339012986808838,1.84327329521497,0
1.91579673255877,0.0509330623712229,1
-2.43588388704699,-0.33821355125247,1
2.55699678220452,-0.0156041253742954,1
-0.587658816560896,-0.485463870835366,1
-0.757725240965171,1.87953263924213,0
-1.52475969414443,-0.133035811921472,1
0.996828061336182,3.07242603048503,0
-1.19411078353193,-0.938278781199184,1
0.696323196007766,0.678939809797257,0
0.104709813767014,-0.117914417513744,1
-1.99530798920557,-0.166954036141558,1
-0.105500006523037,1.80333710712287,0
-0.918861091947394,-0.428336080278742,1
-0.190335854220896,0.815947260012761,0
2.182651184985,-1.4653442289367,1
-0.951761574545496,0.326062559805459,1
1.22545063100768,1.74191742910729,0
0.0580751672999953,0.0433983208460294,1
0.871992137481986,0.608252787505617,1
0.466330517681131,0.720285782038223,0
0.295321917416339,-0.27856403928796,1
0.944905559466534,-3.01269277788775,0
0.832481491027819,-0.932317757626511,1
-1.25129248068053,0.842226411415587,1
0.879566032535487,-1.9082195705425,0
-0.675926162914194,0.639325976455065,1
-0.11276935299026,0.169677137886679,0
0.583987839078287,-2.3398982828048,0
1.25279720769475,0.440981697641888,1
-2.26235508137076,-2.39165672103715,0
-0.686706994166956,-0.299974424951983,1
-0.664339543700312,1.62104583276823,0
0.378487528391951,1.01444422847671,0
0.160234420267147,-0.236449044184999,0
0.668588383796745,-0.509751148095563,1
-0.31267783220377,1.1938343323491,0
-1.97147688222223,1.8264599157393,1
-0.615511949516279,1.22215614782968,0
-0.884339698716741,-1.00638673509823,0
0.416217758442736,-0.40113226010426,1
-2.15423991123575,1.67258638028176,1
-0.229284824545646,-0.480067986201743,0
-0.65335663135612,0.121974252059908,1
2.94988219371263,1.79966158602579,1
1.0967744814684,1.09147425343206,0
0.0324256908479481,2.24383509759389,0
0.0142606023896683,-2.44700949683401,0
-0.873868276024916,-2.31103962704838,0
-0.0882675918574967,1.36992381535007,0
0.65074109485009,1.05973191284961,0
1.42079392548779,1.31492256390035,0
-0.263334888061746,-0.804801187801924,0
-0.357350499604558,2.21483550413613,0
0.232204989013433,-2.49938148025877,0
-0.437289178938349,0.926601245929938,0
0.741827039948411,0.15113326476304,1
-0.385004945551262,1.18593610354223,0
0.490532045925028,0.17703938223724,1
-1.37485928123589,-1.2751308938582,0
-1.26118285215404,-0.757514545386608,1
-0.326228597334503,2.01587519027987,0
-0.761178205454846,0.37109234460597,1
-2.46419670033147,0.904197981404562,1
-1.98309969695231,-0.59433983463817,1
-0.903136070707092,0.591485314957277,1
-0.30082323984524,0.0143057527137809,1
-3.13008279461164,1.31198773577152,1
-2.34058025698607,-0.549209094704309,1
-2.71256067199317,0.934291948968977,1
-2.49146175308778,0.862128127724026,1
1.55246031290688,1.16151857672237,1
1.8731628038171,0.000715562160577725,1
-0.934664675362308,-0.478113385503056,1
-0.20398243049553,0.687824400058871,0
0.811991603808449,-0.223453251911362,1
-0.23937835382484,-0.0582750113223814,1
0.0537719919166297,1.86887205448247,0
-0.95503087146525,-0.590000649821761,1
0.800970959685824,0.486326768774774,1
0.665203597677626,0.0880880506255729,1
2.31166060151567,1.72043638244945,1
-0.848549796370384,0.365205253398094,1
0.493101507985032,1.70036403470351,0
0.00173804544823122,0.246493397298179,0
-0.00689857538614614,-1.63867410621794,0
1.3108671691046,0.449334903936587,1
-1.88772707964218,0.754116914102086,1
0.214543344007551,0.362447201499394,0
1.57370292288246,-3.11601052359252,0
0.158250017581978,5.27494885844572,0
-0.696191966254757,-0.363010010917978,1
1.37413375552072,-0.44877758606909,1
0.970926695103693,0.46345083363347,1
-0.621379977663745,-0.592195402456216,0
-0.119743391774548,0.606383055315122,0
-0.401704514759334,-2.57483254746475,0
0.357946470316203,0.429279758622638,0
-2.81557648503009,0.555599163611535,1
0.0218466879616642,-0.843245076538458,0
-2.72104016359507,0.35867370801722,1
0.00416505023525048,-2.34516361692484,0
-1.94409684140401,2.06543273585804,1
1.10109837573278,1.64146704539765,0
0.290539118466019,1.57670302463067,0
0.0763724517808207,-0.55104397554076,0
0.316670277406325,1.46464441293716,0
0.397639094008276,1.55632655208131,0
-0.117092090152441,0.662951614010739,0
1.83651337276061,0.112426873596796,1
-1.17317787945206,1.40112172581827,0
0.356196543057894,-0.703510509487239,0
-0.990514083330556,0.15500298442873,1
0.311747333611952,0.0893694461945346,1
1.3841374924365,-0.612067510081052,1
-0.880470333370645,0.56591315504012,1
1.02549698411842,2.66153784268813,0
-0.201641771672246,0.133209831783782,1
-0.139550384196472,-1.61426880190308,0
-0.195619657625001,2.49312273590173,0
1.08181046189722,-1.05391548091348,1
-1.74408264103982,-0.786382099059729,1
-1.37123858849119,-0.794396042906515,1
0.782906346235166,-0.324522575115108,1
0.407842668299412,-0.851523570817848,0
-0.614518046238732,0.298313538730584,1
0.118294854343216,-1.01125230413556,0
0.208533481461342,-0.613276368707342,0
-0.33620012577954,0.81959187541363,0
-3.16262692690902,-0.774072080823502,1
0.75003438154457,0.195280739968943,1
-0.831663046788167,-0.832839075006956,0
0.829592100452112,1.20815350367659,0
-2.46122109987418,-0.564039277692562,1
0.456018646365488,0.210360069896712,1
-1.09467727222831,-1.748717001639,0
0.512402063841864,-0.575148607840369,1
-0.872782764329109,-1.56698387773032,0
-0.793324175945221,-0.424281814418052,1
4.0892493935174,-0.758044162672675,1
0.797614354538243,0.446378608283896,1
0.0657166595952952,0.0447664722493918,1
0.579951998511538,-0.595686383058483,1
-3.43290740328395,0.202250836524977,1
-0.217279918903251,-0.282432952336967,0
-1.36372863299568,1.29070789392366,1
0.538009212234873,-0.948957874015755,0
0.714278845845551,-0.433645076321818,1
0.288784986658886,0.907525619018656,0
-1.29464535411983,1.70997395742083,0
-0.527207397695852,0.316658054153633,1
-1.0388009642944,1.20202953656305,1
-0.0651686673470295,0.681594974098383,0
0.746785656342639,0.269214931910067,1
-0.573415780480984,1.36180337653204,0
-0.930838322455677,0.441408134483663,1
0.142021549151627,-0.44667373135861,0
-0.564002077581208,-0.416843082028856,1
1.44376955400555,1.12961721079649,1
1.11139795080543,-1.01190193157098,1
2.36409890603304,-0.802245234222039,1
-0.350831492402298,0.647762899725651,0
2.5522913050995,0.394033990435898,1
0.246459075512716,-0.193051183302392,1
1.22477238641149,-0.975750372523616,1
-1.14025119002206,-0.243484232369707,1
-0.847626552237499,-0.188532203685456,1
-0.742848446861576,0.85660946717283,1
-0.244244085958945,-0.794888306563206,0
-1.57508786799561,0.157124095311951,1
-3.0384185914783,0.377999169993643,1
-0.298240659809156,0.202024828227991,1
-0.527108579550749,0.92724111431755,0
-0.484105545108085,0.261462279210558,1
1.20120999127241,-0.235460066156945,1
-0.122751605929879,-1.49774478583008,0
-0.292379854133871,0.789621766288352,0
0.517942784390043,-0.841517906384339,0
0.984090619631449,3.01099489195299,0
0.544217448046837,-0.817236711603796,0
-0.0545906342752634,-1.64602133969966,0
-2.36638619912954,-0.124500870952923,1
0.212449504814247,-1.51335110872692,0
-0.881919171490907,-1.36866239830411,0
-0.206669214607012,-0.536260605441365,0
1.40809953597759,-2.48168698716386,0
-0.347363065857618,-0.266793799029758,1
3.04255089721101,0.386599586551042,1
1.55621522341423,0.852493606722684,1
-0.411944019222826,1.1189777643751,0
0.265174131410095,0.508912255288664,0
-0.149740223068675,0.546502148741159,0
0.937655241071029,-2.86985486336,0
-0.340848213991729,-0.24733479168806,1
-1.66740054508393,-2.21110346744319,0
3.02467981194463,-0.662197981230985,1
0.928632399219915,-0.342204512991398,1
0.847589859511454,-1.05300956590244,0
0.841162624666401,3.59759301970775,0
-0.130849803295535,0.677654401392758,0
0.561057328578869,0.465011533049296,1
2.84422553716248,2.50121881619032,0
-1.21452530580301,0.492649692020108,1
0.385866264695669,-0.116521901556416,1
2.29666437839697,-0.0228632651900442,1
-0.609481241366632,0.298321283096503,1
-2.09381903877013,0.899297222684812,1
-3.20203426830114,-0.873493248193426,1
-0.656448549594284,-1.50677264013714,0
3.19950986256332,0.500820044131651,1
-0.711084113155255,-0.096597739882467,1
-1.29926958991547,0.714251336945489,1
1.03192006697101,-0.906622302980037,1
-5.63442982042406,0.199102859553111,1
1.48469188769426,-0.246071672115822,1
1.35962114394973,-0.791777649672432,1
-0.50371332659034,-0.780021937680661,0
0.445785922239312,-3.53607001596785,0
-0.354369153980939,1.21349759127688,0
-2.38827994254733,0.949895164635128,1
1.24355260365818,-1.42385562407954,1
0.668127945740511,-0.243503990429521,1
0.426046492013398,0.0668405910958927,1
3.62771342199307,0.824529720175419,1
0.564404002171651,0.00351849595212508,1
-0.245923883427845,0.457503435452961,0
0.499842691885392,0.104885853916393,1
-0.852346197026477,0.429979362244544,1
1.12346361296448,1.82903849018401,0
0.651205186303435,0.603669151988433,0
-0.40347132381956,0.774645615565271,0
-1.02550437659044,-0.304720293036945,1
-0.920811919477778,0.974244092028849,1
0.532158430963696,1.44295419257023,0
1.54144934747571,-1.20180139165659,1
-0.70863946588607,-0.475331293132909,1
-0.220011237157854,0.0749487247380864,1
-0.914354579366901,0.530188931434156,1
-0.531525950594029,-1.20030868807807,0
-1.56471225005628,-0.418416457360308,1
0.437853628043291,1.38653732883154,0
-0.295079691531089,-2.45081966055304,0
0.0486089612825623,-1.2629225377345,0
1.20612404676846,-0.280641895057488,1
-2.52814789272897,0.750970795796861,1
-0.909566446141426,1.29028373945601,0
0.524788848128209,-3.17104641930821,0
0.957143564822544,1.26061234128614,0
1.68666418860429,-0.764759503927282,1
-0.281516026674483,0.610956201457557,0
-0.685650947872186,2.12159705678088,0
-1.0591291250548,-0.313175912542938,1
-1.68847182215686,1.23665387034903,1
-0.201865352497369,-3.26472936301374,0
2.39774471902267,-2.1278444805316,1
1.42400858217545,-0.935883673198871,1
0.671936668717806,-4.10227168685857,0
-0.172776341696156,0.118760558437285,1
4.50058846087039,-0.224484520709933,1
0.264655224841375,0.43003461464503,0
-0.223620218325979,-0.163904153461072,1
-0.601433904534032,0.860122954117098,0
0.31074241980653,-2.00346924990598,0
0.221737736917582,-1.52524307652785,0
-0.333230979606391,0.675872010834651,0
-1.13638429666718,1.57561893822345,0
0.249001975584071,-0.99461643393855,0
0.531543096669752,0.975514546668598,0
2.1562340720819,0.270538977408609,1
0.461532210128855,-0.156173430439414,1
-0.8324618140117,-1.16386726373985,0
0.6408207577475,0.0199476384543711,1
0.453747084338916,-1.94532629477436,0
-0.923620519850661,-0.275662759730046,1
0.604918300585788,-1.13814459985087,0
0.773712555944551,-0.463072559645542,1
1.02074979672956,-0.77827743313033,1
0.189014585498598,0.181774072235942,0
-0.673235481053747,2.46631114333536,0
0.894032482802854,2.4003446899231,0
-1.12501880328642,-0.23963198408405,1
0.132780847062224,0.120373095011349,0
0.00904552185736478,0.151400438644937,0
0.997865659945471,-0.954298803768702,1
-0.591353251585945,0.646837725306889,1
-0.590967182722925,0.174088714500428,1
-0.765351341526544,0.233532943325026,1
0.619962985465557,-0.00250247689123645,1
1.30677264566827,-1.35190341170704,1
-0.433291880707624,-0.345821437864015,1
-0.343974086531323,0.617331847283753,0
0.928514515097383,1.1269703638818,0
-0.832831143333161,0.42101835114484,1
0.223128303728714,0.0676959398125017,1
0.220566942235649,-0.306368058021996,0
-0.134430707240843,-0.914323498365911,0
-0.15594644484078,-0.62409316034686,0
0.875701866938498,1.13687078545071,0
1.68162679822766,-1.23224203622857,1
-1.04861051581883,1.54000862396814,0
-1.04162022894181,-1.9422615380867,0
0.332273107285551,-1.33154453814909,0
-0.385622393305524,-4.91992714456804,0
-0.810698782268617,-0.546202998323831,1
-2.53385537973216,1.60156969715495,1
-1.67827763332836,-0.158478919067559,1
0.597694097744799,1.31585216607575,0
0.697018992029258,-0.318619535571044,1
-0.588581396978602,0.743661135070023,0
0.0504545258992755,0.0571629589961474,0
-0.931564714415986,1.4152422673775,0
1.89244247785234,1.05535934413877,1
-0.629859841109807,-1.20883169621298,0
0.953389477805829,-0.882651980264948,1
-0.903413049447433,-1.64317576904908,0
-0.495139521804707,-1.34850175475535,0
-0.438785478311087,0.930569880996431,0
-2.17055659265174,-0.339472309263405,1
-0.576585246400541,0.519136238892848,1
-0.614102916530308,0.488572404143299,1
1.07800097232781,-0.922775934677834,1
-0.391444105224028,-0.259435591917903,1
0.916562355606274,0.20261486481794,1
0.917134018192208,-1.9651797939746,0
1.26920880286654,1.43386611764518,0
-0.983400605524309,-1.27120915215227,0
-1.71364554318853,0.766813672478826,1
-0.788978666808052,-0.0534516215201526,1
-4.49418008293368,0.747607699404724,1
1.26455076438369,-0.114729475599851,1
-0.262746627926859,0.0852777240474688,1
-0.235437035941357,0.0574670107451737,1
-0.245457280998724,-1.06964938630999,0
0.249085620224963,0.452184000053791,0
-1.8356855161565,0.761299093611458,1
-0.459699048331205,0.00296915803638246,1
2.11577037015428,-1.1845910584758,1
2.32134983269933,0.841801074003747,1
-0.862231114151279,-0.277421615028021,1
-0.321965762630721,-1.60172729784939,0
-3.11176853042414,0.189681318148782,1
1.22157136785148,-0.134731621901027,1
0.122120990314451,0.0827020936194154,1
-2.00522787210842,-0.0997133803869683,1
-0.00769595730742987,2.85059067509284,0
2.33579701286545,2.88484722117463,0
-0.12811617410571,-0.333979235862376,0
-0.401943161471783,0.636385630126979,0
1.18545497863678,0.433822098723196,1
-0.464599210168812,-1.02925645514762,0
0.356307477633837,-0.235209923601433,1
0.843771008686387,0.236733745611894,1
0.0114423134813613,-0.264973629584258,0
-1.29373152866036,-0.685384657498841,1
2.90279338928688,0.951044449158968,1
-2.16672237634322,4.10922652572855,0
-3.38944404523482,2.13502708337475,1
-1.86733843865966,0.301355494527451,1
1.43814592618314,-0.0531674764864886,1
0.129116259078205,1.13804079494884,0
0.93058643587327,-0.189533757834099,1
-0.336014664804925,-1.50539581101196,0
1.23459688999746,1.00491866068507,1
0.57949821098737,3.25862390351677,0
-1.49968757903379,0.836841772198117,1
0.904008401637375,0.0220733124908295,1
2.00213294743268,0.20822324820174,1
0.891707853662815,-2.00178668822747,0
0.0967158623858227,1.45904629595145,0
0.403117539155208,0.219809501127829,1
-1.54612182752815,-0.95956033277709,1
0.0447009218903032,0.630872238786678,0
1.51278145317832,-2.55134810100672,0
0.301700029009278,-1.0093097232841,0
0.972658668621376,2.23175940869247,0
-0.448674467152659,1.05099680949483,0
0.166393356324542,-0.82161353468732,0
-0.030354231093982,-0.268844435088213,0
0.938543968846451,0.855776113249949,0
1.65041415052835,1.87330001815968,0
1.11521366296611,-0.944110829815619,1
0.893336472306683,-0.0213959695836913,1
-1.85559493153318,1.19713973907597,1
-0.124687137887175,0.239152838141125,0
0.0273182021489825,-0.683013678847717,0
1.47544742535358,0.816962849623231,1
-0.75761260232251,-2.07386997276232,0
-0.0104649144162246,-0.507272270874287,0
0.847558370007757,-0.172331298654954,1
-1.4926482186657,-1.36872922329195,0
-1.23617322826855,-1.28649875793448,0
1.31149801968266,-0.847341704808515,1
0.444022925147154,-2.6255734046768,0
-0.29400815547519,0.178802573024242,1
0.960648492463974,-0.275690772208466,1
0.895624340856998,1.06106553359053,0
-0.414267074306812,1.41448350194311,0
-0.0902475855728428,0.530174885622008,0
1.09736854252216,0.578879101313035,1
2.20635072956661,-0.687706381703942,1
-0.679879131902183,-0.871445974161797,0
0.266353981366932,0.145035190660743,1
-0.661240140683485,-0.783088067394219,0
-2.71414556543686,2.20909424761621,1
0.71127544598674,0.0948231707989998,1
-0.390610498068864,-0.851501454221348,0
-0.244505861881714,0.557085349234287,0
1.33990966125621,-0.912641073871063,1
-0.555963954647787,0.153395468001258,1
-0.759418437741476,0.354319400247836,1
0.832264481849967,1.35262252293091,0
-3.20199089294673,-2.91904903115896,0
0.501417910824127,-0.242935264507713,1
0.089360924130919,-1.25469762385254,0
1.08240037285531,0.615011212389887,1
1.04022087485465,-1.00664653347693,1
0.108615590488177,-0.342011096249874,0
-0.181174031848445,-0.489091091069917,0
1.5493137599606,0.0872814171098793,1
0.826051594032364,2.98319068980062,0
-0.693154769739766,0.512980215200534,1
-2.30014068735322,0.203301499364345,1
0.64577742126255,-2.11815928037922,0
0.406407333623747,0.812238803282769,0
-0.342081926937131,-1.70313677043888,0
0.188698727942106,-2.90326015369621,0
0.785125449614041,1.93423479962369,0
-0.194754455549075,0.356097911565114,0
1.44454493658425,0.209202319309736,1
-1.54810401575216,-0.689974234872107,1
0.537128131824841,-1.47875221332511,0
4.19629681763993,-0.249270719218536,1
0.272365793355034,-0.457105575617242,0
-1.00231014483882,0.841638222904608,1
1.45708383732002,-0.852965803726455,1
1.32373103380523,-1.0826828434579,1
-0.361216296596622,0.21170917095233,1
1.19015246875027,-0.281978253106585,1
-6.49131837616468,0.341865221295531,1
1.07053367680307,2.04976323785054,0
-0.126600183347588,-0.642672530329735,0
0.793327269873886,0.661602534536295,1
1.50676754810213,1.49325153151055,0
0.176228999041343,-0.0787561619494647,1
2.20852333179402,0.667724275282404,1
-1.10460933845788,0.832155861792182,1
-0.283073586379324,-0.364934158584201,0
0.510810446840068,-2.24398013147665,0
0.502990639818368,-0.19579549378035,1
-0.54013127668957,-0.0309986191970353,1
-0.899962754135732,-1.00548329866138,0
0.569455639855178,-1.14534369751796,0
-2.69460555111207,-0.349928518033226,1
2.60347316618443,-0.0754757743155361,1
-0.874761614239614,1.71782231730392,0
-1.29986133889229,-1.91458180784155,0
0.783201830762225,0.399887510835831,1
-0.333737422377181,0.108093811367438,1
-0.795497716407461,-1.32436789269425,0
0.813185768936245,-0.781073088525982,1
0.5997639545433,-0.417162447206219,1
-1.43161582952351,0.419976598108828,1
-0.380194893153821,-1.05312774576083,0
0.509846821711003,-0.847992044146323,0
0.245700897649223,0.274436588486008,0
-0.624424825793542,-1.30439781874221,0
-0.730031952713209,-0.0399600288424581,1
-0.832957146582143,-0.0693827667789309,1
1.12280254991774,-1.31202071531868,1
-0.589173167906174,1.27532465581818,0
1.33712309955822,0.527515805688538,1
1.52870515513375,-3.08370067393798,0
0.278733865504618,0.818434483290739,0
0.700398842207225,0.206828881242404,1
1.2421211171399,1.0213202399379,1
0.716707098821247,-0.138996960763847,1
0.0446096340662893,-0.162753287846415,0
0.794179207684333,1.3802283049404,0
0.526832327300104,-1.62260318443994,0
-0.255878767667546,-0.466491173328476,0
0.688676415890362,-0.529434988028306,1
0.475618815066598,-0.316395410869187,1
-0.139772529751591,-0.408960581041691,0
0.361084024907446,1.03629807618661,0
-0.0849807045430959,-3.88061369743539,0
0.417628496796645,1.04807583372255,0
-1.16452592664039,-0.308248328029652,1
0.30057892179186,0.32657728866689,0
-2.61555447758302,-0.222101603211605,1
0.498362411081121,5.46507037736431,0
0.675842809305408,-0.12472959949028,1
-1.11156544605269,-0.0477874067471364,1
